"filename", "language", "YAML", "JSON", "Markdown", "JavaScript", "HTML", "JSON with Comments", "CSS", "comment", "blank", "total"
"e:\Class\大四上\web\CareFreeJourney\README.md", "Markdown", 0, 0, 4, 0, 0, 0, 0, 0, 3, 7
"e:\Class\大四上\web\CareFreeJourney\package.json", "JSON", 0, 15, 0, 0, 0, 0, 0, 0, 1, 16
"e:\Class\大四上\web\CareFreeJourney\packages\CClient\.eslintrc.json", "JSON with Comments", 0, 0, 0, 0, 0, 25, 0, 0, 0, 25
"e:\Class\大四上\web\CareFreeJourney\packages\CClient\README.md", "Markdown", 0, 0, 82, 0, 0, 0, 0, 0, 12, 94
"e:\Class\大四上\web\CareFreeJourney\packages\CClient\build\dev-server.js", "JavaScript", 0, 0, 0, 35, 0, 0, 0, 0, 8, 43
"e:\Class\大四上\web\CareFreeJourney\packages\CClient\build\webpack.base.js", "JavaScript", 0, 0, 0, 69, 0, 0, 0, 0, 3, 72
"e:\Class\大四上\web\CareFreeJourney\packages\CClient\build\webpack.dev.js", "JavaScript", 0, 0, 0, 34, 0, 0, 0, 2, 3, 39
"e:\Class\大四上\web\CareFreeJourney\packages\CClient\build\webpack.prod.js", "JavaScript", 0, 0, 0, 49, 0, 0, 0, 1, 2, 52
"e:\Class\大四上\web\CareFreeJourney\packages\CClient\config\index.js", "JavaScript", 0, 0, 0, 27, 0, 0, 0, 0, 2, 29
"e:\Class\大四上\web\CareFreeJourney\packages\CClient\dist\index.html", "HTML", 0, 0, 0, 0, 16, 0, 0, 0, 3, 19
"e:\Class\大四上\web\CareFreeJourney\packages\CClient\package.json", "JSON", 0, 69, 0, 0, 0, 0, 0, 0, 1, 70
"e:\Class\大四上\web\CareFreeJourney\packages\ManageClient\.eslintrc.json", "JSON with Comments", 0, 0, 0, 0, 0, 25, 0, 0, 0, 25
"e:\Class\大四上\web\CareFreeJourney\packages\ManageClient\README.md", "Markdown", 0, 0, 13, 0, 0, 0, 0, 0, 4, 17
"e:\Class\大四上\web\CareFreeJourney\packages\ManageClient\build\dev-server.js", "JavaScript", 0, 0, 0, 30, 0, 0, 0, 0, 9, 39
"e:\Class\大四上\web\CareFreeJourney\packages\ManageClient\build\webpack.base.js", "JavaScript", 0, 0, 0, 70, 0, 0, 0, 0, 2, 72
"e:\Class\大四上\web\CareFreeJourney\packages\ManageClient\build\webpack.dev.js", "JavaScript", 0, 0, 0, 34, 0, 0, 0, 2, 2, 38
"e:\Class\大四上\web\CareFreeJourney\packages\ManageClient\build\webpack.prod.js", "JavaScript", 0, 0, 0, 53, 0, 0, 0, 1, 3, 57
"e:\Class\大四上\web\CareFreeJourney\packages\ManageClient\config\index.js", "JavaScript", 0, 0, 0, 21, 0, 0, 0, 0, 2, 23
"e:\Class\大四上\web\CareFreeJourney\packages\ManageClient\dist\index.html", "HTML", 0, 0, 0, 0, 10, 0, 0, 0, 1, 11
"e:\Class\大四上\web\CareFreeJourney\packages\ManageClient\package.json", "JSON", 0, 65, 0, 0, 0, 0, 0, 0, 1, 66
"e:\Class\大四上\web\CareFreeJourney\packages\ManageClient\src\assets\css\app.css", "CSS", 0, 0, 0, 0, 0, 0, 462, 17, 69, 548
"e:\Class\大四上\web\CareFreeJourney\packages\ManageClient\src\components\Content\Article.js", "JavaScript", 0, 0, 0, 61, 0, 0, 0, 0, 2, 63
"e:\Class\大四上\web\CareFreeJourney\packages\ManageClient\src\components\Content\Avatar.js", "JavaScript", 0, 0, 0, 48, 0, 0, 0, 0, 2, 50
"e:\Class\大四上\web\CareFreeJourney\packages\ManageClient\src\components\Content\Breadcrumbs.js", "JavaScript", 0, 0, 0, 28, 0, 0, 0, 0, 2, 30
"e:\Class\大四上\web\CareFreeJourney\packages\ManageClient\src\components\Content\Chart\Bar.js", "JavaScript", 0, 0, 0, 84, 0, 0, 0, 0, 2, 86
"e:\Class\大四上\web\CareFreeJourney\packages\ManageClient\src\components\Content\Chart\Line.js", "JavaScript", 0, 0, 0, 85, 0, 0, 0, 0, 2, 87
"e:\Class\大四上\web\CareFreeJourney\packages\ManageClient\src\components\Content\Chart\index.js", "JavaScript", 0, 0, 0, 123, 0, 0, 0, 0, 4, 127
"e:\Class\大四上\web\CareFreeJourney\packages\ManageClient\src\components\Content\Label\Create.js", "JavaScript", 0, 0, 0, 185, 0, 0, 0, 0, 6, 191
"e:\Class\大四上\web\CareFreeJourney\packages\ManageClient\src\components\Content\Label\index.js", "JavaScript", 0, 0, 0, 202, 0, 0, 0, 6, 13, 221
"e:\Class\大四上\web\CareFreeJourney\packages\ManageClient\src\components\Content\Table.js", "JavaScript", 0, 0, 0, 335, 0, 0, 0, 4, 20, 359
"e:\Class\大四上\web\CareFreeJourney\packages\ManageClient\src\components\Content\index.js", "JavaScript", 0, 0, 0, 21, 0, 0, 0, 0, 2, 23
"e:\Class\大四上\web\CareFreeJourney\packages\ManageClient\src\components\Sider\index.js", "JavaScript", 0, 0, 0, 57, 0, 0, 0, 26, 2, 85
"e:\Class\大四上\web\CareFreeJourney\packages\ManageClient\src\index.js", "JavaScript", 0, 0, 0, 8, 0, 0, 0, 0, 2, 10
"e:\Class\大四上\web\CareFreeJourney\packages\ManageClient\src\pages\App.js", "JavaScript", 0, 0, 0, 67, 0, 0, 0, 0, 4, 71
"e:\Class\大四上\web\CareFreeJourney\packages\ManageClient\src\pages\Login\Form.js", "JavaScript", 0, 0, 0, 86, 0, 0, 0, 0, 4, 90
"e:\Class\大四上\web\CareFreeJourney\packages\ManageClient\src\pages\Login\index.js", "JavaScript", 0, 0, 0, 18, 0, 0, 0, 0, 2, 20
"e:\Class\大四上\web\CareFreeJourney\packages\ManageClient\src\router.js", "JavaScript", 0, 0, 0, 18, 0, 0, 0, 0, 1, 19
"e:\Class\大四上\web\CareFreeJourney\packages\ManageClient\src\store\index.js", "JavaScript", 0, 0, 0, 12, 0, 0, 0, 0, 3, 15
"e:\Class\大四上\web\CareFreeJourney\packages\ManageClient\src\template\chart.html", "HTML", 0, 0, 0, 0, 67, 0, 0, 0, 7, 74
"e:\Class\大四上\web\CareFreeJourney\packages\ManageClient\src\template\chart.js", "JavaScript", 0, 0, 0, 69, 0, 0, 0, 0, 6, 75
"e:\Class\大四上\web\CareFreeJourney\packages\ManageClient\src\template\index.html", "HTML", 0, 0, 0, 0, 10, 0, 0, 0, 1, 11
"e:\Class\大四上\web\CareFreeJourney\packages\Server\.eslintrc.json", "JSON with Comments", 0, 0, 0, 0, 0, 18, 0, 0, 1, 19
"e:\Class\大四上\web\CareFreeJourney\packages\Server\README.md", "Markdown", 0, 0, 9, 0, 0, 0, 0, 0, 6, 15
"e:\Class\大四上\web\CareFreeJourney\packages\Server\config\index.js", "JavaScript", 0, 0, 0, 13, 0, 0, 0, 0, 0, 13
"e:\Class\大四上\web\CareFreeJourney\packages\Server\controller\admin.js", "JavaScript", 0, 0, 0, 249, 0, 0, 0, 30, 25, 304
"e:\Class\大四上\web\CareFreeJourney\packages\Server\controller\file.js", "JavaScript", 0, 0, 0, 97, 0, 0, 0, 0, 8, 105
"e:\Class\大四上\web\CareFreeJourney\packages\Server\controller\posts.js", "JavaScript", 0, 0, 0, 318, 0, 0, 0, 2, 31, 351
"e:\Class\大四上\web\CareFreeJourney\packages\Server\controller\user.js", "JavaScript", 0, 0, 0, 308, 0, 0, 0, 0, 35, 343
"e:\Class\大四上\web\CareFreeJourney\packages\Server\index.js", "JavaScript", 0, 0, 0, 30, 0, 0, 0, 17, 10, 57
"e:\Class\大四上\web\CareFreeJourney\packages\Server\middlewares\checkError.js", "JavaScript", 0, 0, 0, 8, 0, 0, 0, 0, 0, 8
"e:\Class\大四上\web\CareFreeJourney\packages\Server\middlewares\checkLogin.js", "JavaScript", 0, 0, 0, 7, 0, 0, 0, 0, 1, 8
"e:\Class\大四上\web\CareFreeJourney\packages\Server\middlewares\checkLoginAdmin.js", "JavaScript", 0, 0, 0, 7, 0, 0, 0, 0, 1, 8
"e:\Class\大四上\web\CareFreeJourney\packages\Server\middlewares\checkPath.js", "JavaScript", 0, 0, 0, 5, 0, 0, 0, 0, 1, 6
"e:\Class\大四上\web\CareFreeJourney\packages\Server\models\admin.js", "JavaScript", 0, 0, 0, 26, 0, 0, 0, 0, 1, 27
"e:\Class\大四上\web\CareFreeJourney\packages\Server\models\checkposts.js", "JavaScript", 0, 0, 0, 63, 0, 0, 0, 0, 2, 65
"e:\Class\大四上\web\CareFreeJourney\packages\Server\models\collect.js", "JavaScript", 0, 0, 0, 47, 0, 0, 0, 0, 1, 48
"e:\Class\大四上\web\CareFreeJourney\packages\Server\models\comment.js", "JavaScript", 0, 0, 0, 52, 0, 0, 0, 0, 1, 53
"e:\Class\大四上\web\CareFreeJourney\packages\Server\models\dynamic.js", "JavaScript", 0, 0, 0, 39, 0, 0, 0, 0, 2, 41
"e:\Class\大四上\web\CareFreeJourney\packages\Server\models\index.js", "JavaScript", 0, 0, 0, 75, 0, 0, 0, 18, 6, 99
"e:\Class\大四上\web\CareFreeJourney\packages\Server\models\label.js", "JavaScript", 0, 0, 0, 43, 0, 0, 0, 0, 2, 45
"e:\Class\大四上\web\CareFreeJourney\packages\Server\models\message.js", "JavaScript", 0, 0, 0, 47, 0, 0, 0, 0, 1, 48
"e:\Class\大四上\web\CareFreeJourney\packages\Server\models\posts.js", "JavaScript", 0, 0, 0, 64, 0, 0, 0, 0, 2, 66
"e:\Class\大四上\web\CareFreeJourney\packages\Server\models\user.js", "JavaScript", 0, 0, 0, 110, 0, 0, 0, 0, 1, 111
"e:\Class\大四上\web\CareFreeJourney\packages\Server\nodemon.json", "JSON", 0, 18, 0, 0, 0, 0, 0, 0, 0, 18
"e:\Class\大四上\web\CareFreeJourney\packages\Server\package.json", "JSON", 0, 35, 0, 0, 0, 0, 0, 0, 1, 36
"e:\Class\大四上\web\CareFreeJourney\packages\Server\public\index.html", "HTML", 0, 0, 0, 0, 11, 0, 0, 0, 1, 12
"e:\Class\大四上\web\CareFreeJourney\packages\Server\router.js", "JavaScript", 0, 0, 0, 22, 0, 0, 0, 0, 10, 32
"e:\Class\大四上\web\CareFreeJourney\packages\Server\service\admin.js", "JavaScript", 0, 0, 0, 392, 0, 0, 0, 1, 25, 418
"e:\Class\大四上\web\CareFreeJourney\packages\Server\service\posts.js", "JavaScript", 0, 0, 0, 455, 0, 0, 0, 1, 31, 487
"e:\Class\大四上\web\CareFreeJourney\packages\Server\service\user.js", "JavaScript", 0, 0, 0, 506, 0, 0, 0, 5, 49, 560
"e:\Class\大四上\web\CareFreeJourney\pnpm-lock.yaml", "YAML", 10608, 0, 0, 0, 0, 0, 0, 0, 1279, 11887
"e:\Class\大四上\web\CareFreeJourney\pnpm-workspace.yaml", "YAML", 2, 0, 0, 0, 0, 0, 0, 0, 0, 2
"Total", "-", 10610, 202, 108, 4912, 114, 68, 462, 133, 1752, 18361